
{
	"allowSleep" : true,
	"autoClearForces" : true,
	"body" : 
	[
		
		{
			"angle" : 0,
			"angularVelocity" : 0,
			"awake" : true,
			"bullet" : true,
			"fixture" : 
			[
				
				{
					"density" : 2.489887475967407,
					"friction" : 0.2,
					"name" : "fixture2",
					"polygon" : 
					{
						"vertices" : 
						{
							"x" : 
							[
								1.002027511596680,
								1.002027511596680,
								-1.002029418945313,
								-1.002029418945313
							],
							"y" : 
							[
								-1.002028703689575,
								1.002028942108154,
								1.002028942108154,
								-1.002028703689575
							]
						}
					}
				}
			],
			"gravityScale" : 20.0,
			"linearVelocity" : 0,
			"massData-I" : 6.693742275238037,
			"massData-center" : 
			{
				"x" : -9.563025287206983e-007,
				"y" : 1.163400042969442e-007
			},
			"massData-mass" : 10,
			"name" : "Box",
			"position" : 
			{
				"x" : -53.06387329101563,
				"y" : 29.24779701232910
			},
			"type" : 2
		},
		
		{
			"angle" : 0,
			"angularVelocity" : 0,
			"awake" : true,
			"bullet" : true,
			"fixture" : 
			[
				
				{
					"density" : 2.489887475967407,
					"friction" : 0.2,
					"name" : "fixture2",
					"polygon" : 
					{
						"vertices" : 
						{
							"x" : 
							[
								1.002027511596680,
								1.002027511596680,
								-1.002029418945313,
								-1.002029418945313
							],
							"y" : 
							[
								-1.002028703689575,
								1.002028942108154,
								1.002028942108154,
								-1.002028703689575
							]
						}
					}
				}
			],
			"gravityScale" : 20.0,
			"linearVelocity" : 0,
			"massData-I" : 6.693742275238037,
			"massData-center" : 
			{
				"x" : -9.563025287206983e-007,
				"y" : 1.163400042969442e-007
			},
			"massData-mass" : 10,
			"name" : "Box",
			"position" : 
			{
				"x" : -53.06387329101563,
				"y" : 32.54938507080078
			},
			"type" : 2
		},
		
		{
			"angle" : 0,
			"angularVelocity" : 0,
			"awake" : true,
			"bullet" : true,
			"fixture" : 
			[
				
				{
					"density" : 2.489887475967407,
					"friction" : 0.2,
					"name" : "fixture2",
					"polygon" : 
					{
						"vertices" : 
						{
							"x" : 
							[
								1.002027511596680,
								1.002027511596680,
								-1.002029418945313,
								-1.002029418945313
							],
							"y" : 
							[
								-1.002028703689575,
								1.002028942108154,
								1.002028942108154,
								-1.002028703689575
							]
						}
					}
				}
			],
			"gravityScale" : 20.0,
			"linearVelocity" : 0,
			"massData-I" : 6.693742275238037,
			"massData-center" : 
			{
				"x" : -9.563025287206983e-007,
				"y" : 1.163400042969442e-007
			},
			"massData-mass" : 10,
			"name" : "Box",
			"position" : 
			{
				"x" : -53.06387329101563,
				"y" : 35.29061889648438
			},
			"type" : 2
		},
		
		{
			"angle" : 0,
			"angularVelocity" : 0,
			"awake" : true,
			"bullet" : true,
			"fixedRotation" : true,
			"fixture" : 
			[
				
				{
					"circle" : 
					{
						"center" : 
						{
							"x" : -0.1532039940357208,
							"y" : -1.222100019454956
						},
						"radius" : 0.7003064751625061
					},
					"density" : 1,
					"friction" : 0.2,
					"name" : "fixture3"
				},
				
				{
					"density" : 1.249986886978149,
					"friction" : 0.2,
					"name" : "fixture1",
					"polygon" : 
					{
						"vertices" : 
						{
							"x" : 
							[
								0.5546529889106751,
								0.5545200109481812,
								-0.8522300124168396,
								-0.8522850275039673,
								-0.1256140023469925
							],
							"y" : 
							[
								-1.221549987792969,
								1.770220041275024,
								1.772410035133362,
								-1.221490025520325,
								-1.925109982490540
							]
						}
					}
				}
			],
			"linearVelocity" : 0,
			"massData-I" : 0.4060154557228088,
			"massData-center" : 
			{
				"x" : -0.1491551995277405,
				"y" : -0.1801497340202332
			},
			"massData-mass" : 7.422423362731934,
			"name" : "Player",
			"position" : 
			{
				"x" : -64.39662933349609,
				"y" : 28.72238349914551
			},
			"type" : 2
		},
		
		{
			"angle" : 0,
			"angularVelocity" : 0,
			"awake" : true,
			"fixture" : 
			[
				
				{
					"density" : 1,
					"friction" : 0.2,
					"name" : "fixture1",
					"polygon" : 
					{
						"vertices" : 
						{
							"x" : 
							[
								18.29420471191406,
								18.29420471191406,
								-0.9095306396484375,
								-0.9095306396484375
							],
							"y" : 
							[
								-0.7661972045898438,
								0.7866725921630859,
								0.7866725921630859,
								-0.7661972045898438
							]
						}
					}
				}
			],
			"linearVelocity" : 0,
			"name" : "Ground",
			"position" : 
			{
				"x" : -65.39596557617188,
				"y" : 25.93252182006836
			},
			"type" : 0
		},
		
		{
			"angle" : 0,
			"angularVelocity" : 0,
			"awake" : true,
			"fixture" : 
			[
				
				{
					"chain" : 
					{
						"hasNextVertex" : true,
						"hasPrevVertex" : true,
						"nextVertex" : 
						{
							"x" : 74.76403808593750,
							"y" : -40.00155258178711
						},
						"prevVertex" : 
						{
							"x" : -75.16144561767578,
							"y" : 39.99538040161133
						},
						"vertices" : 
						{
							"x" : 
							[
								-75.16144561767578,
								74.76403808593750,
								74.76403808593750,
								-75.16144561767578,
								-75.16144561767578
							],
							"y" : 
							[
								-40.00155258178711,
								-40.00155258178711,
								39.99538040161133,
								39.99538040161133,
								-40.00155258178711
							]
						}
					},
					"density" : 1,
					"friction" : 0.2,
					"name" : "fixture0"
				}
			],
			"linearVelocity" : 0,
			"name" : "Ground",
			"position" : 0,
			"type" : 0
		}
	],
	"collisionbitplanes" : 
	{
		"names" : 
		[
			"bitplane1",
			"bitplane2",
			"bitplane3",
			"bitplane4",
			"bitplane5",
			"bitplane6",
			"bitplane7",
			"bitplane8",
			"bitplane9",
			"bitplane10",
			"bitplane11",
			"bitplane12",
			"bitplane13",
			"bitplane14",
			"bitplane15",
			"bitplane16",
			"bitplane17",
			"bitplane18",
			"bitplane19",
			"bitplane20",
			"bitplane21",
			"bitplane22",
			"bitplane23",
			"bitplane24",
			"bitplane25",
			"bitplane26",
			"bitplane27",
			"bitplane28",
			"bitplane29",
			"bitplane30",
			"bitplane31",
			"bitplane32"
		]
	},
	"continuousPhysics" : true,
	"gravity" : 
	{
		"x" : 0,
		"y" : -10
	},
	"image" : 
	[
		
		{
			"aspectScale" : 1,
			"body" : 3,
			"center" : 
			{
				"x" : -0.1384487152099609,
				"y" : -0.03509116172790527
			},
			"corners" : 
			{
				"x" : 
				[
					-1.138448715209961,
					0.8615512847900391,
					0.8615512847900391,
					-1.138448715209961
				],
				"y" : 
				[
					-2.035091161727905,
					-2.035091161727905,
					1.964908838272095,
					1.964908838272095
				]
			},
			"file" : "../../sprite_types/player/idle2.png",
			"filter" : 1,
			"glDrawElements" : [ 0, 1, 2, 2, 3, 0 ],
			"glTexCoordPointer" : [ 0.0, 0.0, 1, 0.0, 1, 1, 0.0, 1 ],
			"glVertexPointer" : 
			[
				-1.138448715209961,
				-2.035091161727905,
				0.8615512847900391,
				-2.035091161727905,
				0.8615512847900391,
				1.964908838272095,
				-1.138448715209961,
				1.964908838272095
			],
			"name" : "image1",
			"opacity" : 0.5,
			"scale" : 4
		},
		
		{
			"aspectScale" : 1,
			"body" : -1,
			"center" : 0,
			"corners" : 
			{
				"x" : [ -75.0, 75.0, 75.0, -75.0 ],
				"y" : [ -40.0, -40.0, 40.0, 40.0 ]
			},
			"file" : "../../../../../../../../../Desktop/caveLevelErica.png",
			"filter" : 1,
			"glDrawElements" : [ 0, 1, 2, 2, 3, 0 ],
			"glTexCoordPointer" : [ 0.0, 0.0, 1, 0.0, 1, 1, 0.0, 1 ],
			"glVertexPointer" : [ -75.0, -40.0, 75.0, -40.0, 75.0, 40.0, -75.0, 40.0 ],
			"name" : "image0",
			"opacity" : 0.5,
			"scale" : 80.0
		}
	],
	"positionIterations" : 3,
	"stepsPerSecond" : 60.0,
	"subStepping" : false,
	"velocityIterations" : 8,
	"warmStarting" : true
}
