
{
	"allowSleep" : true,
	"autoClearForces" : true,
	"body" : 
	[
		
		{
			"angle" : 0,
			"angularVelocity" : 0,
			"awake" : true,
			"bullet" : true,
			"fixture" : 
			[
				
				{
					"density" : 2.489887475967407,
					"friction" : 0.2,
					"name" : "fixture2",
					"polygon" : 
					{
						"vertices" : 
						{
							"x" : 
							[
								1.002027511596680,
								1.002027511596680,
								-1.002029418945313,
								-1.002029418945313
							],
							"y" : 
							[
								-1.002028703689575,
								1.002028942108154,
								1.002028942108154,
								-1.002028703689575
							]
						}
					}
				}
			],
			"gravityScale" : 20.0,
			"linearVelocity" : 0,
			"massData-I" : 6.693742275238037,
			"massData-center" : 
			{
				"x" : -9.563025287206983e-007,
				"y" : 1.163400042969442e-007
			},
			"massData-mass" : 10,
			"name" : "Box",
			"position" : 
			{
				"x" : -22.53974342346191,
				"y" : -0.7100441455841065
			},
			"type" : 2
		},
		
		{
			"angle" : 0,
			"angularVelocity" : 0,
			"awake" : true,
			"bullet" : true,
			"fixture" : 
			[
				
				{
					"density" : 2.489887475967407,
					"friction" : 0.2,
					"name" : "fixture2",
					"polygon" : 
					{
						"vertices" : 
						{
							"x" : 
							[
								1.002027511596680,
								1.002027511596680,
								-1.002029418945313,
								-1.002029418945313
							],
							"y" : 
							[
								-1.002028703689575,
								1.002028942108154,
								1.002028942108154,
								-1.002028703689575
							]
						}
					}
				}
			],
			"gravityScale" : 20.0,
			"linearVelocity" : 0,
			"massData-I" : 6.693742275238037,
			"massData-center" : 
			{
				"x" : -9.563025287206983e-007,
				"y" : 1.163400042969442e-007
			},
			"massData-mass" : 10,
			"name" : "Box",
			"position" : 
			{
				"x" : 20.09593772888184,
				"y" : 0.3446351289749146
			},
			"type" : 2
		},
		
		{
			"angle" : 0,
			"angularVelocity" : 0,
			"awake" : true,
			"bullet" : true,
			"fixture" : 
			[
				
				{
					"density" : 2.489887475967407,
					"friction" : 0.2,
					"name" : "fixture2",
					"polygon" : 
					{
						"vertices" : 
						{
							"x" : 
							[
								1.002027511596680,
								1.002027511596680,
								-1.002029418945313,
								-1.002029418945313
							],
							"y" : 
							[
								-1.002028703689575,
								1.002028942108154,
								1.002028942108154,
								-1.002028703689575
							]
						}
					}
				}
			],
			"gravityScale" : 20.0,
			"linearVelocity" : 0,
			"massData-I" : 6.693742275238037,
			"massData-center" : 
			{
				"x" : -9.563025287206983e-007,
				"y" : 1.163400042969442e-007
			},
			"massData-mass" : 10,
			"name" : "Box",
			"position" : 
			{
				"x" : 20.09593772888184,
				"y" : -2.956953525543213
			},
			"type" : 2
		},
		
		{
			"angle" : 0,
			"angularVelocity" : 0,
			"awake" : true,
			"bullet" : true,
			"fixture" : 
			[
				
				{
					"density" : 2.489887475967407,
					"friction" : 0.2,
					"name" : "fixture2",
					"polygon" : 
					{
						"vertices" : 
						{
							"x" : 
							[
								1.002027511596680,
								1.002027511596680,
								-1.002029418945313,
								-1.002029418945313
							],
							"y" : 
							[
								-1.002028703689575,
								1.002028942108154,
								1.002028942108154,
								-1.002028703689575
							]
						}
					}
				}
			],
			"gravityScale" : 20.0,
			"linearVelocity" : 0,
			"massData-I" : 6.693742275238037,
			"massData-center" : 
			{
				"x" : -9.563025287206983e-007,
				"y" : 1.163400042969442e-007
			},
			"massData-mass" : 10,
			"name" : "Box",
			"position" : 
			{
				"x" : 20.09593772888184,
				"y" : 3.085867881774902
			},
			"type" : 2
		},
		
		{
			"angle" : 1.57364833354950,
			"angularVelocity" : 0,
			"awake" : true,
			"linearVelocity" : 0,
			"name" : "Ground",
			"position" : 
			{
				"x" : 30.28400230407715,
				"y" : 5.588666915893555
			},
			"type" : 0
		},
		
		{
			"angle" : 1.57364833354950,
			"angularVelocity" : 0,
			"awake" : true,
			"linearVelocity" : 0,
			"name" : "Ground",
			"position" : 
			{
				"x" : 30.28400230407715,
				"y" : 5.588666915893555
			},
			"type" : 0
		},
		
		{
			"angle" : 0,
			"angularVelocity" : 0,
			"awake" : true,
			"bullet" : true,
			"fixedRotation" : true,
			"fixture" : 
			[
				
				{
					"density" : 1.249986886978149,
					"friction" : 0.2,
					"name" : "fixture1",
					"polygon" : 
					{
						"vertices" : 
						{
							"x" : 
							[
								0.5546531677246094,
								0.5545200109481812,
								-0.8522300124168396,
								-0.8522850275039673,
								-0.1256140321493149
							],
							"y" : 
							[
								-1.221547365188599,
								1.770219445228577,
								1.772409439086914,
								-1.221489787101746,
								-1.925105571746826
							]
						}
					}
				},
				
				{
					"circle" : 
					{
						"center" : 
						{
							"x" : -0.1532039642333984,
							"y" : -1.222102880477905
						},
						"radius" : 0.7003064751625061
					},
					"density" : 1,
					"friction" : 0.2,
					"name" : "fixture3"
				}
			],
			"linearVelocity" : 0,
			"massData-I" : 0.4060147106647492,
			"massData-center" : 
			{
				"x" : -0.1491552144289017,
				"y" : -0.1801495552062988
			},
			"massData-mass" : 7.422417640686035,
			"name" : "Player",
			"position" : 
			{
				"x" : -28.52459335327148,
				"y" : -1.973917007446289
			},
			"type" : 2
		},
		
		{
			"angle" : 0,
			"angularVelocity" : 0,
			"awake" : true,
			"fixture" : 
			[
				
				{
					"chain" : 
					{
						"vertices" : 
						{
							"x" : 
							[
								-13.49112606048584,
								2.492246627807617,
								2.495344161987305,
								-8.504920959472656,
								-8.556164741516113,
								-11.53491401672363,
								-11.53485298156738,
								-14.50427913665772,
								-14.50989818572998,
								-17.51260375976563,
								-17.49285507202148
							],
							"y" : 
							[
								-0.5,
								-0.5,
								0.3279442787170410,
								0.3466080725193024,
								2.296869277954102,
								2.329627037048340,
								4.348199367523193,
								4.333875179290772,
								2.314131975173950,
								2.332997322082520,
								-0.5110298991203308
							]
						}
					},
					"density" : 1,
					"friction" : 0.2,
					"name" : "fixture0"
				}
			],
			"linearVelocity" : 0,
			"name" : "Ground",
			"position" : 
			{
				"x" : 1.525135040283203,
				"y" : -5.500810146331787
			},
			"type" : 0
		},
		
		{
			"angle" : 1.57364833354950,
			"angularVelocity" : 0,
			"awake" : true,
			"fixture" : 
			[
				
				{
					"chain" : 
					{
						"vertices" : 
						{
							"x" : 
							[
								-11.49760437011719,
								0.4986252784729004,
								0.5127371549606323,
								-11.50033950805664
							],
							"y" : [ -0.5, -0.4943141639232636, 0.3335987031459808, 0.3551106452941895 ]
						}
					},
					"density" : 1,
					"friction" : 0.2,
					"name" : "fixture0"
				}
			],
			"linearVelocity" : 0,
			"name" : "Ground",
			"position" : 
			{
				"x" : 30.35461425781250,
				"y" : 5.494516849517822
			},
			"type" : 0
		},
		
		{
			"angle" : 0,
			"angularVelocity" : 0,
			"awake" : true,
			"fixture" : 
			[
				
				{
					"chain" : 
					{
						"vertices" : 
						{
							"x" : 
							[
								-13.49112606048584,
								2.492246627807617,
								2.495344161987305,
								-13.51626014709473,
								-13.52104377746582,
								-15.50865650177002,
								-15.51955318450928,
								-17.53006362915039,
								-17.50476455688477,
								-20.49740982055664,
								-20.49694061279297,
								-23.51153945922852,
								-23.49482154846191
							],