
{
	"allowSleep" : true,
	"autoClearForces" : true,
	"body" : 
	[
		
		{
			"angle" : 0,
			"angularVelocity" : 0,
			"awake" : true,
			"fixture" : 
			[
				
				{
					"circle" : 
					{
						"center" : 0,
						"radius" : 0.7817839980125427
					},
					"density" : 1,
					"friction" : 0.2,
					"name" : "fixture8"
				}
			],
			"linearVelocity" : 0,
			"massData-I" : 0.5867688059806824,
			"massData-mass" : 1.920098185539246,
			"name" : "ScooterWheel",
			"position" : 
			{
				"x" : -80.64678955078125,
				"y" : -4.743678092956543
			},
			"type" : 2
		},
		
		{
			"angle" : 0,
			"angularVelocity" : 0,
			"awake" : true,
			"fixture" : 
			[
				
				{
					"circle" : 
					{
						"center" : 0,
						"radius" : 0.7817839980125427
					},
					"density" : 1,
					"friction" : 0.2,
					"name" : "fixture8"
				}
			],
			"linearVelocity" : 0,
			"massData-I" : 0.5867688059806824,
			"massData-mass" : 1.920098185539246,
			"name" : "ScooterWheel",
			"position" : 
			{
				"x" : -84.93096923828125,
				"y" : -4.743678092956543
			},
			"type" : 2
		},
		
		{
			"angle" : 0,
			"angularVelocity" : 0,
			"awake" : true,
			"fixture" : 
			[
				
				{
					"density" : 1,
					"friction" : 0.2,
					"name" : "fixture7",
					"polygon" : 
					{
						"vertices" : 
						{
							"x" : [ 0.8105468750, 0.8105468750, -0.8105468750, -0.8105468750 ],
							"y" : [ -0.8107910156250, 0.8107910156250, 0.8107910156250, -0.8107910156250 ]
						}
					}
				}
			],
			"linearVelocity" : 0,
			"massData-I" : 1.151709318161011,
			"massData-center" : 
			{
				"x" : 5.185386786621393e-009,
				"y" : 4.032747025206618e-009
			},
			"massData-mass" : 2.628736495971680,
			"name" : "Scooter",
			"position" : 
			{
				"x" : -75.87139892578125,
				"y" : -3.886744499206543
			},
			"type" : 2
		},
		
		{
			"angle" : 0,
			"angularVelocity" : 0,
			"awake" : true,
			"fixture" : 
			[
				
				{
					"density" : 1,
					"friction" : 0.2,
					"name" : "fixture6",
					"polygon" : 
					{
						"vertices" : 
						{
							"x" : [ 1.00781250, 0.97753906250, -0.91894531250, -0.83105468750 ],
							"y" : [ -2.4968261718750, 1.3654785156250, 1.3356933593750, -2.4968261718750 ]
						}
					}
				}
			],
			"linearVelocity" : 0,
			"massData-I" : 13.26102066040039,
			"massData-center" : 
			{
				"x" : 0.05987098067998886,
				"y" : -0.5631424188613892
			},
			"massData-mass" : 7.186598300933838,
			"name" : "Player",
			"position" : 
			{
				"x" : -81.54522705078125,
				"y" : 6.991185188293457
			},
			"type" : 2
		},
		
		{
			"angle" : 0,
			"angularVelocity" : 0,
			"awake" : true,
			"fixture" : 
			[
				
				{
					"density" : 1,
					"friction" : 0.2,
					"name" : "fixture5",
					"polygon" : 
					{
						"vertices" : 
						{
							"x" : [ 8.4394531250, -0.5468750, -10.917968750, -2.535156250, 3.5917968750 ],
							"y" : 
							[
								0.66699218750,
								1.8664550781250,
								1.1804199218750,
								-1.2207031250,
								-1.1506347656250
							]
						}
					}
				},
				
				{
					"density" : 1,
					"friction" : 0.2,
					"name" : "fixture5",
					"polygon" : 
					{
						"vertices" : 
						{
							"x" : [ 18.308593750, -0.5468750, 8.4394531250, 15.78613281250 ],
							"y" : [ 1.6413574218750, 1.8664550781250, 0.66699218750, 0.079589843750 ]
						}
					}
				},
				
				{
					"density" : 1,
					"friction" : 0.2,
					"name" : "fixture5",
					"polygon" : 
					{
						"vertices" : 
						{
							"x" : [ -0.5468750, -28.80175781250, -26.496093750, -10.917968750 ],
							"y" : [ 1.8664550781250, 1.777832031250, 1.0646972656250, 1.1804199218750 ]
						}
					}
				}
			],
			"linearVelocity" : 0,
			"name" : "Ground",
			"position" : 
			{
				"x" : -3.291320800781250,
				"y" : 7.811497688293457
			},
			"type" : 0
		},
		
		{
			"angle" : 0,
			"angularVelocity" : 0,
			"awake" : true,
			"fixture" : 
			[
				
				{
					"density" : 1,
					"friction" : 0.2,
					"name" : "fixture4",
					"polygon" : 
					{
						"vertices" : 
						{
							"x" : [ 2.722656250, 2.722656250, -3.44042968750, -3.51855468750 ],
							"y" : [ -0.5734863281250, 0.09667968750, -0.22167968750, -0.9714355468750 ]
						}
					}
				}
			],
			"linearVelocity" : 0,
			"name" : "Ground",
			"position" : 
			{
				"x" : 5.152038574218750,
				"y" : -2.896998405456543
			},
			"type" : 0
		},
		
		{
			"angle" : 0,
			"angularVelocity" : 0,
			"awake" : true,
			"fixture" : 
			[
				
				{
					"density" : 1,
					"friction" : 0.2,
					"name" : "fixture4",
					"polygon" : 
					{
						"vertices" : 
						{
							"x" : [ 3.75781250, -1.29003906250, -2.80175781250, 0.097656250 ],
							"y" : [ 0.0964355468750, 1.0515136718750, -0.33496093750, -1.210449218750 ]
						}
					}
				}
			],
			"linearVelocity" : 0,
			"name" : "Ground",
			"position" : 
			{
				"x" : -8.846984863281250,
				"y" : -0.7817640304565430
			},
			"type" : 0
		},
		
		{
			"angle" : 0,
			"angularVelocity" : 0,
			"awake" : true,
			"fixture" : 
			[
				
				{
					"density" : 1,
					"friction" : 0.2,
					"name" : "fixture3",
					"polygon" : 
					{
						"vertices" : 
						{
							"x" : 
							[
								28.06738281250,
								26.62207031250,
								20.25781250,
								18.50781250,
								24.261718750
							],
							"y" : 
							[
								-1.4042968750,
								-0.144042968750,
								0.6569824218750,
								-0.7907714843750,
								-2.2756347656250
							]
						}
					}
				},
				
				{
					"density" : 1,
					"friction" : 0.2,
					"name" : "fixture3",
					"polygon" : 
					{
						"vertices" : 
						{
							"x" : [ 20.25781250, 7.128906250, 11.38574218750, 17.3593750, 18.50781250 ],
							"y" : 
							[
								0.6569824218750,
								0.46777343750,
								-1.5036621093750,
								-1.66308593750,
								-0.7907714843750
							]
						}
					}
				},
				
				{
					"density" : 1,
					"friction" : 0.2,
					"name" : "fixture3",
					"polygon" : 
					{
						"vertices" : 
						{
							"x" : [ 11.38574218750, 7.128906250, 6.26464843750, 9.60156250 ],
							"y" : [ -1.5036621093750, 0.46777343750, -1.5781250, -1.7873535156250 ]
						}
					}
				},
				
				{
					"density" : 1,
					"friction" : 0.2,
					"name" : "fixture3",
					"polygon" : 
					{
						"vertices" : 
						{
							"x" : [ 11.38574218750, 9.60156250, 9.97753906250, 10.824218750 ],
							"y" : [ -1.5036621093750, -1.7873535156250, -5.2878417968750, -5.69824218750 ]
						}
					}
				},
				
				{
					"density" : 1,
					"friction" : 0.2,
					"name" : "fixture3",
					"polygon" : 
					{
						"vertices" : 
						{
							"x" : 
							[
								7.128906250,
								0.89550781250,
								-2.22753906250,
								4.15332031250,
								6.26464843750
							],
							"y" : 
							[
								0.46777343750,
								0.8967285156250,
								-0.1115722656250,
								-3.286621093750,
								-1.5781250
							]
						}
					}
				},
				
				{
					"density" : 1,
					"friction" : 0.2,
					"name" : "fixture3",
					"polygon" : 
					{
						"vertices" : 
						{
							"x" : [ 0.89550781250, -2.1933593750, -2.22753906250 ],
							"y" : [ 0.8967285156250, 1.4082031250, -0.1115722656250 ]
						}
					}
				}
			],
			"linearVelocity" : 0,
			"name" : "Ground",
			"position" : 
			{
				"x" : -41.34894180297852,
				"y" : 4.150853157043457
			},
			"type" : 0
		},
		
		{
			"angle" : 0,
			"angularVelocity" : 0,
			"awake" : true,
			"fixture" : 
			[
				
				{
					"density" : 1,
					"friction" : 0.2,
					"name" : "fixture2",
					"polygon" : 
					{
						"vertices" : 
						{
							"x" : [ 6.17089843750, -3.01074218750, -0.7792968750, 2.199218750, 4.91406250 ],
							"y" : 
							[
								0.3723144531250,
								0.4938964843750,
								-0.7775878906250,
								-1.0461425781250,
								-0.331542968750
							]
						}
					}
				}
			],
			"linearVelocity" : 0,
			"name" : "Ground",
			"position" : 
			{
				"x" : -42.92804336547852,